id,user_id,trip_id,added_on
1,1,2,21:06.7
2,2,3,21:06.7
3,3,4,21:06.7
4,4,5,21:06.7
5,5,6,21:06.7
6,6,7,21:06.7
7,7,8,21:06.7
8,8,9,21:06.7
9,9,10,21:06.7
10,10,11,21:06.7
11,11,12,21:06.7
12,12,13,21:06.7
13,13,14,21:06.7
14,14,15,21:06.7
15,15,16,21:06.7
16,16,17,21:06.7
17,17,18,21:06.7
18,18,19,21:06.7
19,19,20,21:06.7
20,20,21,21:06.7
21,21,22,21:06.7
22,22,23,21:06.7
23,23,24,21:06.7
24,24,25,21:06.7
25,25,26,21:06.7
26,26,27,21:06.7
27,27,28,21:06.7
28,28,29,21:06.7
29,29,30,21:06.7
30,30,31,21:06.7
31,31,32,21:06.7
32,32,33,21:06.7
33,33,34,21:06.7
34,34,35,21:06.7
35,35,36,21:06.7
36,36,37,21:06.7
37,37,38,21:06.7
38,38,39,21:06.7
39,39,40,21:06.7
40,40,41,21:06.7
41,41,42,21:06.7
42,42,43,21:06.7
43,43,44,21:06.7
44,44,45,21:06.7
45,45,46,21:06.7
46,46,47,21:06.7
47,47,48,21:06.7
48,48,49,21:06.7
49,49,50,21:06.7
50,50,1,21:06.7
